{
 "dataset": {
  "n": 100,
  "x_min": 0.0,
  "x_max": 10.0,
  "y_min": 0.0,
  "y_max": 20.0,
  "y_mean": 10.045,
  "y_std": 7.031,
  "n_zero": 5,
  "n_twenty": 7
 },
 "grid": {
  "d2_lr0.001": {
   "gd": {
    "mean": 0.4103518946041536,
    "std": 0.0019099865909871828,
    "min": 0.4071594456744703,
    "max": 0.41320805260758886,
    "all": [
     0.4109692042784499,
     0.41206331030990356,
     0.41320805260758886,
     0.4095390992746086,
     0.4071594456744703,
     0.4108365328734576,
     0.41125081740752195,
     0.40760316561707965,
     0.4121097130373645,
     0.40877960496109117
    ]
   },
   "sgd": {
    "mean": 0.40204582101261854,
    "std": 0.0003321652270324958,
    "min": 0.40118058841945126,
    "max": 0.4023160032785133,
    "all": [
     0.4021487749583946,
     0.40170448435096545,
     0.40222785488037177,
     0.402183464285182,
     0.4022677188744818,
     0.4022705332813238,
     0.4023160032785133,
     0.40206310417485347,
     0.40118058841945126,
     0.4020956836226484
    ]
   }
  },
  "d2_lr0.01": {
   "gd": {
    "mean": 0.3982474907736752,
    "std": 3.2410414368788697e-09,
    "min": 0.39824748836683677,
    "max": 0.3982474990506133,
    "all": [
     0.39824748982876623,
     0.3982474945712181,
     0.3982474990506133,
     0.39824748836683677,
     0.39824748848016606,
     0.3982474895253478,
     0.3982474888796589,
     0.39824749020988626,
     0.398247488705921,
     0.3982474901183381
    ]
   },
   "sgd": {
    "mean": 0.42662419018026576,
    "std": 0.009983104952503322,
    "min": 0.4018747712705813,
    "max": 0.43889447786581315,
    "all": [
     0.42734785858448676,
     0.41960888997713525,
     0.4305510737594522,
     0.4286911325968894,
     0.4343763436687019,
     0.4337458550630417,
     0.43889447786581315,
     0.43062980234141046,
     0.4018747712705813,
     0.420521696675145
    ]
   }
  },
  "d2_lr0.1": {
   "gd": {
    "mean": 0.39824748821739364,
    "std": 0.0,
    "min": 0.39824748821739364,
    "max": 0.39824748821739364,
    "all": [
     0.39824748821739364,
     0.39824748821739364,
     0.39824748821739364,
     0.39824748821739364,
     0.39824748821739364,
     0.39824748821739364,
     0.39824748821739364,
     0.39824748821739364,
     0.39824748821739364,
     0.39824748821739364
    ]
   },
   "sgd": {
    "mean": 0.9233356775426789,
    "std": 0.10200187991353027,
    "min": 0.7554360219207514,
    "max": 1.1340229201553047,
    "all": [
     0.7554360219207514,
     0.9650416488356786,
     1.1340229201553047,
     0.953273099936584,
     0.9642089681461686,
     0.8601098554709106,
     1.0242370178867264,
     0.8398496317420486,
     0.8713472881867865,
     0.8658303231458292
    ]
   }
  },
  "d3_lr0.001": {
   "gd": {
    "mean": 0.4276192395443119,
    "std": 0.01967095435426281,
    "min": 0.3909895616687821,
    "max": 0.4611387750220007,
    "all": [
     0.41628586800508194,
     0.4611387750220007,
     0.3909895616687821,
     0.4314918014235116,
     0.4332167767697967,
     0.4473205580549269,
     0.4220407255962316,
     0.44715215285549337,
     0.4162160888745279,
     0.41034008717276604
    ]
   },
   "sgd": {
    "mean": 0.0156279066974473,
    "std": 4.316980402302838e-05,
    "min": 0.015524099834223483,
    "max": 0.015676728222932514,
    "all": [
     0.015524099834223483,
     0.015676728222932514,
     0.015590913016644501,
     0.015646830599895637,
     0.01566661723670187,
     0.015619451483270484,
     0.015648556961705595,
     0.0156161956103016,
     0.01562199606496502,
     0.01566767794383227
    ]
   }
  },
  "d3_lr0.01": {
   "gd": {
    "mean": 0.019045300116110244,
    "std": 0.00018080821929077095,
    "min": 0.018704462727935682,
    "max": 0.01934920505708571,
    "all": [
     0.018941934224647208,
     0.01934920505708571,
     0.018704462727935682,
     0.019083318130206757,
     0.019099250768071334,
     0.019225518665746157,
     0.018993620214311124,
     0.01922565677410214,
     0.018944359649179336,
     0.018885674949817
    ]
   },
   "sgd": {
    "mean": 0.01807574770030994,
    "std": 0.0008334690912261933,
    "min": 0.016800925036427307,
    "max": 0.019430339926015384,
    "all": [
     0.016800925036427307,
     0.019430339926015384,
     0.017178273857402032,
     0.017914143266142907,
     0.01869836653929687,
     0.019071389081486534,
     0.017558820239936455,
     0.01752733320029659,
     0.01773342236397674,
     0.018844463492118598
    ]
   }
  },
  "d3_lr0.1": {
   "gd": {
    "mean": 0.015293543523113403,
    "std": 2.98453111774546e-18,
    "min": 0.015293543523113398,
    "max": 0.015293543523113406,
    "all": [
     0.015293543523113405,
     0.015293543523113405,
     0.015293543523113406,
     0.015293543523113398,
     0.015293543523113405,
     0.015293543523113405,
     0.0152935435231134,
     0.015293543523113405,
     0.015293543523113406,
     0.0152935435231134
    ]
   },
   "sgd": {
    "mean": 2.022782531951598,
    "std": 0.24832069972482723,
    "min": 1.6089527339885143,
    "max": 2.409123350104341,
    "all": [
     2.166754498403737,
     2.409123350104341,
     2.304723025218536,
     1.8647922861560466,
     1.7759882710576715,
     2.1070604488122644,
     1.6089527339885143,
     1.8152811418133823,
     2.248003910123701,
     1.9271456538377894
    ]
   }
  },
  "d4_lr0.001": {
   "gd": {
    "mean": 0.42327514052466064,
    "std": 0.02074493884612183,
    "min": 0.3929606039408258,
    "max": 0.4604641733201496,
    "all": [
     0.4085591480166249,
     0.40546109229677746,
     0.3929606039408258,
     0.43715159993240804,
     0.421994121821559,
     0.4530848634631508,
     0.40714173144005983,
     0.4150823866060695,
     0.4308516844089819,
     0.4604641733201496
    ]
   },
   "sgd": {
    "mean": 0.0160560321825034,
    "std": 0.00013834900060092305,
    "min": 0.01578804346719871,
    "max": 0.01621248288138642,
    "all": [
     0.016056743654025193,
     0.01621248288138642,
     0.016115808454141622,
     0.01616500849863676,
     0.0161998947766747,
     0.016145579853966297,
     0.01584673457473519,
     0.01578804346719871,
     0.01597157180114181,
     0.01605845386312729
    ]
   }
  },
  "d4_lr0.01": {
   "gd": {
    "mean": 0.018978573162901517,
    "std": 0.00017239580859956317,
    "min": 0.018796386203543753,
    "max": 0.019312365089740633,
    "all": [
     0.018851271282938866,
     0.018796386203543753,
     0.018848070623528147,
     0.01909484476864845,
     0.018939188976666323,
     0.019223075836872827,
     0.018803698795375804,
     0.018877446436831744,
     0.019039383614868618,
     0.019312365089740633
    ]
   },
   "sgd": {
    "mean": 0.029124480764225497,
    "std": 0.004427734613187611,
    "min": 0.022930667272704146,
    "max": 0.038980849481400945,
    "all": [
     0.025192124669639267,
     0.03346049804920107,
     0.029913414047138126,
     0.038980849481400945,
     0.026149159761157635,
     0.03187583831812264,
     0.028550378161075272,
     0.022930667272704146,
     0.027673892658294234,
     0.026517985223521605
    ]
   }
  },
  "d4_lr0.1": {
   "gd": {
    "mean": 3.6514661242995756,
    "std": 0.01580644249446816,
    "min": 3.61905497157715,
    "max": 3.672571584443274,
    "all": [
     3.631998993107638,
     3.659950034264142,
     3.61905497157715,
     3.659733277583823,
     3.672571584443274,
     3.646440365995557,
     3.6637986643152276,
     3.6415450486800243,
     3.665660567997632,
     3.653907735031291
    ]
   },
   "sgd": {
    "mean": 10.726211291643128,
    "std": 1.355389675448133,
    "min": 7.539032231524914,
    "max": 12.333474542668318,
    "all": [
     10.381025570045598,
     12.21440285750919,
     7.539032231524914,
     9.840168833362963,
     11.409356033809768,
     12.333474542668318,
     11.581416302228417,
     9.926870687558942,
     10.516702608869267,
     11.519663248853895
    ]
   }
  }
 },
 "traces": {
  "gd": {
   "e0": 1.117142990383574,